{
    "name": "NRTTM",
    "icon": "minecraft:paper",
    "category": "adventurez:info_category",
    "pages": [
        {
            "type": "text",
            "text": "你可能会问自己，NRTTM的意思是什么……它的意思是:与模组无关:D 这只是我把一些句子组合在一起，因为我喜欢这样做^^ 首先，感谢你玩AdventureZ模组，希望它能为你的世界带来一些挑战并且你喜欢它:) 但我真正想告诉你的是:你很受人喜爱和爱戴！"
        },
        {
            "type": "text",
            "text": "我知道这听起来有点俗套，但事实就是这样:你被爱着！我的名字是Micha，在某些游戏中我会用Globox这个名字（因为我喜欢Rayman的角色 ;) ），我和你一样是一个普通人（当然，每个人都很特别，但你懂我的意思），我希望你深深相信自己是一个被爱着的人。希望是你认识的人喜爱你，如果不是，仍然会有人会像你一样地喜爱你。为什么我要写这个？好问题:D"
        },
        {
            "type": "text",
            "text": "因为有时我会觉得人们在这个特定的方面相信了一个谎言，即他们没有被爱或甚至更糟。另外，除了人类的需求外，爱是你需要的生命中最重要的东西。我只是想告诉你:你很受喜爱！我的意思是，我不认识你，我们也许在性格上并不一致，如果我们彼此认识甚至可能不会成为朋友，但这并不能改变你的真相"
        },
        {
            "type": "text",
            "text": "（我相信，希望你也是）。你可能很年轻，或者稍微年长一些，在你的一生中你应该想明白你为什么和为什么在这个世界上活着（基本上是你的生命意义），希望你已经想明白了，但我想告诉你一些事情:这是一个每个人都必须经历的伟大过程:D（我现在不知道我怎么会谈到生命的意义的……嗯……）。然而，我可能会多次编辑这篇文章^^。"
        },
        {
            "type": "text",
            "text": "I wish you the best, if you got questions about the mods or anything else, hit me up on Discord (Globox_Z #1024) or anywhere else"
        },
        {
            "type": "empty",
            "draw_filler": false
        }
    ]
}