{
    "name": "其他维度",
    "icon": "allthemodium:other_vibranium_ore",
    "category": "allthemodium:dimensions",
    "sortnum": 3,
    "pages": [
        {
            "type": "text",
            "text": "其他维度非常危险。要传送到该维度，请在下界中使用 $(l:dimensions/teleport_pad)传送垫$(/c)。很少有人了解这个地方，但它似乎是猪灵的来源，任何有树冠覆盖的生物群系中都存在巨大的地下城市，以及满是怪物和战利品的古代金字塔。"
        }
    ]
}