{
    "category": "ars_nouveau:automation",
    "icon": "ars_nouveau:dominion_wand",
    "name": "item.ars_nouveau.dominion_wand",
    "pages": [
        {
            "type": "patchouli:text",
            "text": "ars_nouveau.page.dominion_wand"
        },
        {
            "type": "ars_nouveau:apparatus_recipe",
            "recipe": "ars_nouveau:dominion_wand"
        },
        {
            "type": "patchouli:relations",
            "entries": [
                "ars_nouveau:machines/storage_lectern",
                "ars_nouveau:machines/item_detector",
                "ars_nouveau:automation/starbuncle_charm"
            ]
        }
    ]
}