{
    "category": "ars_nouveau:automation",
    "icon": "ars_elemental:fire_turret",
    "name": "ars_nouveau.page.elemental_turrets",
    "pages": [
        {
            "type": "patchouli:text",
            "text": "ars_elemental.page1.elemental_turrets"
        },
        {
            "type": "ars_nouveau:imbuement_recipe",
            "recipe": "ars_elemental:imbuement_fire_turret"
        },
        {
            "type": "ars_nouveau:imbuement_recipe",
            "recipe": "ars_elemental:imbuement_water_turret"
        },
        {
            "type": "ars_nouveau:imbuement_recipe",
            "recipe": "ars_elemental:imbuement_air_turret"
        },
        {
            "type": "ars_nouveau:imbuement_recipe",
            "recipe": "ars_elemental:imbuement_earth_turret"
        },
        {
            "type": "ars_nouveau:imbuement_recipe",
            "recipe": "ars_elemental:imbuement_manipulation_turret"
        }
    ]
}