{
    "category": "ars_nouveau:automation",
    "icon": "ars_elemental:siren_charm",
    "name": "item.ars_elemental.siren_charm",
    "pages": [
        {
            "type": "patchouli:text",
            "text": "ars_elemental.page1.mermaid"
        },
        {
            "type": "ars_nouveau:apparatus_recipe",
            "recipe": "ars_elemental:siren_charm"
        },
        {
            "type": "patchouli:entity",
            "entity": "ars_elemental:siren_entity"
        },
        {
            "type": "patchouli:text",
            "text": "ars_elemental.page2.mermaid"
        }
    ]
}