{
    "category": "ars_nouveau:automation",
    "icon": "ars_nouveau:void_prism",
    "name": "block.ars_nouveau.void_prism",
    "pages": [
        {
            "type": "patchouli:text",
            "text": "ars_nouveau.page.void_prism"
        },
        {
            "type": "patchouli:crafting",
            "recipe": "ars_nouveau:void_prism"
        },
        {
            "type": "patchouli:relations",
            "entries": [
                "ars_nouveau:automation/spell_turret",
                "ars_nouveau:automation/spell_prism"
            ]
        }
    ]
}