{
    "name": "冷却系统",
    "icon": "minecraft:water_bucket",
    "category": "bigreactors:misc",
    "read_by_default": true,
    "pages": [
        {
            "type": "patchouli:text",
            "text": "一个$(l:bigreactors:reactor/active)主动冷却$(/l)的反应堆/涡轮设置利用反应堆的热量蒸发冷却剂产生一种蒸气，该蒸气可以推动多个涡轮的转子以生成能源。$(br2)冷却剂$()是一种液体，如果被识别，可以使用$(l:bigreactors:reactor/part-forgefluidport)流体接口$(/l)(输入模式)将其泵入反应堆的冷却液体罐中。"
        },
        {
            "type": "patchouli:text",
            "text": "$(bold)蒸气$()是指在反应堆内将冷却剂蒸发产生的液体，可以从反应堆抽出并通过$(l:bigreactors:reactor/part-forgefluidport)流体接口$(/l)泵入涡轮，以推动涡轮转子，然后将其冷凝回原始冷却剂，使循环重新开始。$(br2)只有有效的冷却剂和蒸气可以用于反应堆或涡轮内。"
        },
        {
            "type": "patchouli:text",
            "text": "Extreme Reactors默认将水注册为有效冷却剂，将蒸汽注册为生成的蒸气。$(br2)其他模组或模组包可以添加自己的流体或修改/删除默认值。"
        }
    ]
}