{
    "name": "被动和主动部件",
    "icon": "minecraft:piston",
    "category": "bigreactors:misc",
    "read_by_default": true,
    "pages": [
        {
            "type": "patchouli:text",
            "text": "一些与外部方块交互的反应堆或涡轮部件可以具有$(bold)被动$()或$(bold)主动$()形式，或两者兼备。$(br2)$(bold)被动$()部件本身什么都不做，不会尝试发送能源、流体或物品，也不会尝试获取它们。连接到该部件的方块需要采取行动并开始传输。"
        },
        {
            "type": "patchouli:text",
            "text": "$(bold)主动$()部件始终在寻找提取物品和流体或向连接方块发送电力、物品和流体的机会，但不允许连接方块在部件中插入或提取任何内容。$(br2)通过混合主动和被动部件，可以精细调整资源分配和获取网络。"
        }
    ]
}