{
    "name": "能源系统",
    "icon": "minecraft:redstone_block",
    "category": "bigreactors:misc",
    "read_by_default": true,
    "pages": [
        {
            "type": "patchouli:text",
            "text": "Extreme Reactor能源发生器不会与Minecraft世界中现有的任何特定能源系统挂钩。$(br2)能源被生成，然后通过电力接口从内部能源缓冲区中提取时即时转换。"
        },
        {
            "type": "patchouli:text",
            "text": "安装在反应堆或涡轮中的电力接口定义了机器的输出能源系统。$(br2)当前，该模组带有一个$(l:bigreactors:reactor/part-forgepowertap)Forge Energy Power Tap$(/l)，可发送$(bold)Forge能源$()单位。$(br2)通过添加新的电力接口，可以轻松支持其他功率系统。"
        }
    ]
}