{
    "name": "Extreme扳手",
    "icon": "bigreactors:wrench",
    "category": "bigreactors:misc",
    "read_by_default": true,
    "pages": [
        {
            "type": "patchouli:spotlight",
            "item": "bigreactors:wrench",
            "link_recipe": true,
            "title": "Extreme扳手",
            "text": "Extreme扳手是一种扳手。$(br2)您可以使用它更改Access Port或Fluid Ports等部件的输入/输出模式。$(br2)扳手标记为Forge扳手，因此您应该能够在其他模组中使用它。"
        }
    ]
}