{
    "name": "龙鞍",
    "icon": "adventurez:dragon_saddle",
    "category": "adventurez:item_category",
    "pages": [
        {
            "type": "spotlight",
            "item": "adventurez:dragon_saddle",
            "link_recipe": true,
            "text": "龙鞍是用兽人皮制作的。在龙长大到足够大的时候，可以把它放在它的背上"
        },
        {
            "type": "crafting",
            "recipe": "adventurez:dragon_saddle"
        }
    ]
}