{
    "name": "源石",
    "icon": "adventurez:source_stone",
    "category": "adventurez:item_category",
    "pages": [
        {
            "type": "spotlight",
            "item": "adventurez:source_stone",
            "text": "源石是虚空阴影掉落的物品，是一块传说中由已被遗忘的黑暗法师在古代制作的传奇石头。右键可以发射虚空子弹。Shift+右键可以尝试穿过方块"
        },
        {
            "type": "empty",
            "draw_filler": false
        }
    ]
}