{
    "name": "黑石魔像祭坛",
    "icon": "minecraft:dragon_egg",
    "category": "adventurez:block_category",
    "pages": [
        {
            "type": "text",
            "title": "黑石魔像祭坛",
            "text": "该祭坛由在地狱深处发现的黑石制成。在地狱中建造它，以召唤你曾见过的最致命生物。"
        },
        {
            "type": "multiblock",
            "text": "平台可以使用任何类型的黑石来建造",
            "multiblock": {
                "pattern": [
                    [
                        "     S     ",
                        " PPPPPPPPP ",
                        " PCCCCCCCP ",
                        " PCPPPPPCP ",
                        " PCPOOOPCP ",
                        "SPCPO0OPCPS",
                        " PCPOOOPCP ",
                        " PCPPPPPCP ",
                        " PCCCCCCCP ",
                        " PPPPPPPPP ",
                        "     S     "
                    ]
                ],
                "mapping": {
                    "S": "adventurez:stone_holder_block",
                    "P": "minecraft:polished_blackstone",
                    "O": "minecraft:polished_blackstone_bricks",
                    "C": "minecraft:cracked_polished_blackstone_bricks",
                    "0": "minecraft:polished_blackstone"
                },
                "symmetrical": true
            }
        }
    ]
}