{
    "name": "畜牧自动机核心",
    "icon": "advancedperipherals:husbandry_automata_core",
    "category": "advancedperipherals:metaphysics",
    "advancement": "advancedperipherals:weak_automata_core",
    "pages": [
        {
            "type": "spotlight",
            "title": "畜牧自动机核心",
            "item": "advancedperipherals:husbandry_automata_core",
            "text": "在消耗3只鸡，3只牛，3只羊后，弱自动机核心将变成畜牧自动机核心！$(p)除了作为更强大的弱自动机核心变体，在与动物交互方面，这个灵魂还提供了能力！"
        },
        {
            "type": "link",
            "text": "除了弱自动机核心的基本功能外，这种核心还允许与动物交互甚至将它们转移到内部！$(p)但要注意，在海龟被破坏后，任何存储的动物都将丢失。",
            "url": "https://docs.intelligence-modding.de/metaphysics/husbandry_automata/",
            "link_text": "API documentation"
        }
    ]
}