{
    "name": "过度自动机核心",
    "icon": "advancedperipherals:overpowered_weak_automata_core",
    "category": "advancedperipherals:metaphysics",
    "advancement": "advancedperipherals:weak_automata_core",
    "pages": [
        {
            "type": "spotlight",
            "title": "弱自动机核心的过度版本",
            "item": "advancedperipherals:overpowered_weak_automata_core",
            "text": "这是你尝试规避形而上学规则的第一步。嗯，没有像你希望的那样成功。$(p)任何自动机核心与下界之星的幼稚组合都会导致某些结果..."
        },
        {
            "type": "crafting",
            "recipe": "advancedperipherals:overpowered_weak_automata_core",
            "recipe2": "advancedperipherals:overpowered_end_automata_core"
        },
        {
            "type": "link",
            "text": "自动机核心的过度版本在使用时不会损坏物品耐久度。$(p)但一切皆有代价。如果你尝试使用此核心执行任何操作而没有足够的燃料，升级将立即损坏。",
            "url": "https://docs.intelligence-modding.de/metaphysics/overpowered_automata/",
            "link_text": "API documentation"
        }
    ]
}