{
    "name": "灵气宝石",
    "icon": "occultism:spirit_attuned_gem",
    "category": "ars_nouveau:ars_ocultas",
    "pages": [
        {
            "type": "patchouli:spotlight",
            "item": {
                "item": "occultism:spirit_attuned_gem"
            },
            "text": "当钻石稀缺时，可以使用备用配方。"
        },
        {
            "type": "ars_nouveau:apparatus_recipe",
            "recipe": "ars_ocultas:spirit_attuned_gem"
        }
    ]
}