{
    "name": "灵魂罐",
    "icon": "occultism:book_of_binding_bound_foliot",
    "category": "ars_nouveau:ars_ocultas",
    "pages": [
        {
            "type": "patchouli:text",
            "text": "Occultism Spirits可以在$(l:machines/mob_jar)Containment罐$(/l)内工作。它们保持其原始行为并$(thing)不会衰减$()，非常适合自动化！$(br2)灵魂罐会自动拾取任何与灵魂过滤器匹配的7x7物品（对于碾碎灵魂，它会自动拾取可以处理的任何矿石）。"
        },
        {
            "type": "patchouli:text",
            "text": "物品也可以使用漏斗或星彩将其推入containment罐（任何管道也应该有效！）。玩家也可以直接右键点击罐子上的任何物品。$(br2)罐中的灵魂表现出其默认行为，这意味着$(thing)粉碎灵魂$()将自动处理并将输出甩向某个方向"
        },
        {
            "type": "patchouli:spotlight",
            "item": {
                "item": "occultism:brush"
            },
            "title": "看门灵魂",
            "text": "罐中的看门灵魂具有特殊属性。它们会自动尝试捡起附近的物品并将其推向罐子上方的库存。这使得自动化变得超级容易！"
        }
    ]
}