{
    "name": "转化",
    "icon": "ars_nouveau:imbuement_chamber",
    "category": "ars_nouveau:ars_ocultas",
    "pages": [
        {
            "type": "patchouli:text",
            "text": "您可以将过剩的银转换为金，反之亦然！"
        },
        {
            "type": "ars_nouveau:imbuement_recipe",
            "recipe": "ars_ocultas:imbuement_gold_transmute"
        },
        {
            "type": "ars_nouveau:imbuement_recipe",
            "recipe": "ars_ocultas:imbuement_silver_transmute"
        }
    ]
}