{
    "name": "如何构建",
    "icon": "bigreactors:fluidizersolidinjector",
    "category": "bigreactors:fluidizer",
    "read_by_default": true,
    "sortnum": 2,
    "pages": [
        {
            "type": "text",
            "text": "Fluidizer是一种由外壳块和混合其他设备零件构建而成的3x3x3（最小尺寸）机器。$(br)玻璃可用于在机器的所有面中（但不在框架上）替换外壳块。$(br2)请查看每个Fluidizer零件页面，以获取关于每个零件可放置位置的限制。 "
        },
        {
            "type": "zcmultiblock",
            "multiblock_id": "bigreactors:bookfluidizer"
        }
    ]
}