{
    "name": "操作模式",
    "icon": "bigreactors:verderium_bucket",
    "category": "bigreactors:fluidizer",
    "read_by_default": true,
    "sortnum": 1,
    "pages": [
        {
            "type": "text",
            "text": "Fluidizer可按照以下三种不同的方式处理材料，具体取决于机器中注入器的类型和数量:$(br2)$(li)$(o) 固态模式:$() 将固体燃料源（如锭）转化为流体燃料。要启用此模式，您需要在机器中放置一个且仅一个固态注入器。 "
        },
        {
            "type": "text",
            "text": "$(li)$(o)固态混合模式:$() 将两个固体燃料源（如锭）转化为流体燃料并将它们混合以制造新的燃料类型。要启用此模式，您需要在机器中放置两个且仅两个固态注入器。$(li)$(o)流体混合模式:$() 将两种流体燃料混合为一种新的燃料类型。要启用此模式，您需要在机器中放置两个且仅两个流体注入器。 "
        }
    ]
}