{
    "name": "固体注入器",
    "icon": "bigreactors:fluidizersolidinjector",
    "category": "bigreactors:fluidizer-parts",
    "read_by_default": true,
    "sortnum": 5,
    "pages": [
        {
            "type": "spotlight",
            "item": "bigreactors:fluidizersolidinjector",
            "link_recipe": true,
            "title": "固体注入器",
            "text": "固体注入器使您能够将现有固体燃料源（如锭）插入 Fluidizer 中，将它们转化为流体或混合它们来创建新的燃料。"
        },
        {
            "type": "crafting-part_usage",
            "crafting.title1": "Solid Injector",
            "crafting.recipe1": "bigreactors:fluidizer/solidinjector",
            "usage.text": "$(l)Mandatory:$() see $(l:bigreactors:fluidizer/operational_mode)operational mode$(/l)$(br)$(l)Valid positions:$() any face (not on frame)$(br)$(l)Graphical interface:$() yes"
        }
    ]
}