{
    "name": "输出接口",
    "icon": "bigreactors:fluidizeroutputport",
    "category": "bigreactors:fluidizer-parts",
    "read_by_default": true,
    "sortnum": 8,
    "pages": [
        {
            "type": "spotlight",
            "item": "bigreactors:fluidizeroutputport",
            "link_recipe": true,
            "title": "输出接口",
            "text": "输出接口允许您从 Fluidizer 中提取流体燃料。$(br2)您可以连接管道以自动提取燃料。"
        },
        {
            "type": "crafting-part_usage",
            "crafting.title1": "Output Port",
            "crafting.recipe1": "bigreactors:fluidizer/outputport",
            "usage.text": "$(l)Mandatory:$() at least one is required$(br)$(l)Valid positions:$() any face (not on frame)$(br)$(l)Graphical interface:$() no"
        }
    ]
}