{
    "name": "电源接口",
    "icon": "bigreactors:fluidizerpowerport",
    "category": "bigreactors:fluidizer-parts",
    "read_by_default": true,
    "sortnum": 6,
    "pages": [
        {
            "type": "spotlight",
            "item": "bigreactors:fluidizerpowerport",
            "link_recipe": true,
            "title": "电源接口",
            "text": "电源接口使您能够提供所需的能量来为 Fluidizer 供电。$(br2)任何 Forge Energy 兼容的电缆或发电机都可以连接到电源接口。"
        },
        {
            "type": "crafting-part_usage",
            "crafting.title1": "Power Port",
            "crafting.recipe1": "bigreactors:fluidizer/powerport",
            "usage.text": "$(l)Mandatory:$() at least one is required$(br)$(l)Valid positions:$() any face (not on frame)$(br)$(l)Graphical interface:$() no"
        }
    ]
}