{
    "name": "流体注入器",
    "icon": "bigreactors:fluidizerfluidinjector",
    "category": "bigreactors:fluidizer-parts",
    "read_by_default": true,
    "sortnum": 6,
    "pages": [
        {
            "type": "spotlight",
            "item": "bigreactors:fluidizerfluidinjector",
            "link_recipe": true,
            "title": "流体注入器",
            "text": "流体注入器可让您将现有的流体燃料注入到Fluidizer中以混合它们并创建新的燃料。"
        },
        {
            "type": "crafting-part_usage",
            "crafting.title1": "Fluid Injector",
            "crafting.recipe1": "bigreactors:fluidizer/fluidinjector",
            "usage.text": "$(l)Mandatory:$() see $(l:bigreactors:fluidizer/operational_mode)operational mode$(/l)$(br)$(l)Valid positions:$() any face (not on frame)$(br)$(l)Graphical interface:$() no"
        }
    ]
}