{
    "name": "控制器",
    "icon": "bigreactors:fluidizercontroller",
    "category": "bigreactors:fluidizer-parts",
    "read_by_default": true,
    "sortnum": 3,
    "pages": [
        {
            "type": "spotlight",
            "item": "bigreactors:fluidizercontroller",
            "link_recipe": true,
            "title": "控制器",
            "text": "控制器是Fluidizer的主要接口。$(br2)右键单击控制器以打开其图形用户界面，从那里您可以打开或关闭Fluidizer，检查机器中存在的液体和能量量以及当前作业的状态。"
        },
        {
            "type": "crafting-text",
            "text": "如果您将光标悬停在接口中的某个控件上，将显示一个工具提示，其中包含有关该控件的额外信息或解释文本。 $(br2)",
            "title": "控制器",
            "recipe": "bigreactors:fluidizer/controller"
        },
        {
            "type": "part_usage",
            "text": "$(l)必需:$() 至少需要一个$(br)$(l)有效位置:$() 任何垂直面（不在框架上）$(br)$(l)图形界面:$() 是"
        }
    ]
}