{
    "name": "外壳块",
    "icon": "bigreactors:fluidizercasing",
    "category": "bigreactors:fluidizer-parts",
    "read_by_default": true,
    "sortnum": 1,
    "pages": [
        {
            "type": "spotlight",
            "item": "bigreactors:fluidizercasing",
            "link_recipe": true,
            "title": "外壳块",
            "text": "外壳块是Fluidizer的建筑块，用于构建其框架，并用于制作其他零件。如果您不太喜欢玻璃，外壳块也可以用于填充Fluidizer的面。"
        },
        {
            "type": "crafting-part_usage",
            "crafting.title1": "Casing",
            "crafting.recipe1": "bigreactors:fluidizer/casing",
            "usage.text": "$(l)Mandatory:$() they are required to build the frame$(br)$(l)Valid positions:$() any$(br)$(l)Graphical interface:$() no"
        }
    ]
}