{
    "name": "AE能源",
    "icon": "ae2:energy_cell",
    "category": "ae2:concepts",
    "pages": [
        {
            "type": "patchouli:text",
            "text": "$(thing)ME系统$()使用一种独特的电力形式，称为$(thing)AE$()。$(br2)一些$(item)外部电力系统$()可以转换为$(thing)AE$()，但这种转换只能单向进行。$(br2)可用的$(item)外部电力系统$()取决于您特定的模组设置。"
        },
        {
            "flag": "mod:fabric-api",
            "type": "patchouli:text",
            "title": "Fabric转换",
            "text": "Tech Reborn的“$(thing)能量$()“可以按照默认比例$(thing)2 E = 1 AE$()转换为$(thing)AE$()。"
        },
        {
            "flat": "mod:forge",
            "type": "patchouli:text",
            "title": "Forge转换",
            "text": "“$(thing)Forge能量$()“ ($(thing)FE$())有时被称为“$(thing)红石通量$()“($(thing)RF$())，或其他名称($(thing)IF$()， $(thing)CF$()， $(thing)µI$()等)，它是最广泛使用的电力系统。它按照默认比例$(thing)2 FE = 1 AE$()转换为$(thing)AE$()。"
        },
        {
            "type": "patchouli:text",
            "title": "转换方块",
            "text": "以下机器仅接受$(thing)外部电力$()，只为自己提供电力。$(li)$(l:ae2:getting_started/charger)Charger$(/l)$(li)$(l:ae2:getting_started/inscriber)Inscriber$(/l)$(li)$(l:ae2:todo)ME Chest$(/l)$(br2)以下方块能够接受$(thing)外部电力$()并将其转换为整个网络的$(thing)AE$()。$(li)$(item)Energy Acceptor$()$(li)$(l:ae2:todo)ME Controller$(/l)"
        },
        {
            "type": "patchouli:crafting",
            "recipe": "ae2:network/blocks/energy_energy_acceptor",
            "recipe2": "ae2:network/parts/energy_acceptor"
        },
        {
            "type": "patchouli:text",
            "title": "能量储存",
            "text": "$(thing)AE$()电力储存在网络中。以下方块可增加电力存储量。$(li)任何ME网络:800$(thing)AE$()$(li)$(l:ae2:todo)ME Controller$(/l):8000$(thing)AE$()$(li)$(item)Energy Cell$():20万$(thing)AE$()$(li)$(item)Dense Energy Cell$():160万$(thing)AE$()$(br2)常见的初学者问题是缺乏$(thing)AE能量储存$()。如果遇到电力问题(系统空白或不断重启)，应添加$(item)Energy Cells$()。"
        },
        {
            "type": "patchouli:crafting",
            "recipe": "ae2:network/blocks/energy_energy_cell",
            "recipe2": "ae2:network/blocks/energy_dense_energy_cell"
        },
        {
            "type": "patchouli:text",
            "title": "能量传输",
            "text": "$(thing)AE电力$()在整个$(thing)网络$()中可用。它遵循$(l:ae2:concepts/channels)通道$(/l)的相同连接规则，只有一个例外。$(br2)$(l:ae2:todo)石英纤维$()是一种电缆多部分组件，可以阻止$(thing)通道$()，但允许$(thing)AE电力$()在$(thing)网络$()之间传递。这对于$(l:ae2:todo)子网络$()很有用。$(br2)$(item)Energy Cells$()在被破坏时会保持充电状态。"
        },
        {
            "type": "patchouli:text",
            "title": "能量使用",
            "text": "$(thing)AE Power$()被网络用于各种目的，如:$(li)每个通道经过的方块（控制器网络比临时网络更有效率）。$(li)拥有被动能量消耗的元件。$(li)拥有主动能量消耗以执行特定任务的元件。$(br2)$(l:ae2:todo)控制器$(/l)或$(l:ae2:todo)网络工具$(/l)可以向您显示自身能量数据。"
        },
        {
            "type": "patchouli:crafting",
            "recipe": "ae2:network/blocks/energy_vibration_chamber",
            "text": "如果您没有$(thing)外部电力系统$()，那么您可以使用$(item)振动仓室$()直接使用$(thing)furnace fuels$()来产生$(thing)AE$()。默认设置下，1个$(item)煤炭$()在40$(thing)AE$()/t的速率下可以产生8，000$(thing)AE$()。"
        },
        {
            "type": "patchouli:text",
            "title": "额外注释",
            "text": "值得一提的是，一些$(thing)HUD模组$()只显示本地存储的能量数据，例如，当$(l:ae2:getting_started/inscriber)Inscriber$()由$(thing)网络$()供电时，它们会显示0能量。但是，$(item)Inscriber$()仍可以正常运行。$(br2)虽然$(l:ae2:todo)控制器$(/l)可以接受$(thing)外部电力$()，但这通常会占用一个面（32个潜在的$(thing)通道$()），因此使用$(item)能量接收器$()作为输入通常更好。"
        }
    ]
}