{
    "name": "AR眼镜",
    "icon": "advancedperipherals:ar_goggles",
    "category": "advancedperipherals:items",
    "pages": [
        {
            "type": "text",
            "text": "AR眼镜可以与$(9)$(l:peripherals/ar_controller)AR控制器$(/l)$()结合使用，随时随地拥有可自定义的叠加层。好玩！$(p)右键单击AR控制器并带着眼镜链接它们。$(p)有关完整文档，请查看$(9)$(l:https://docs.intelligence-modding.de/items/ar_goggles/)官方维基页面$(/l)$()！"
        },
        {
            "type": "crafting",
            "recipe": "advancedperipherals:ar_goggles"
        }
    ]
}