{
    "name": "电脑工具",
    "icon": "advancedperipherals:computer_tool",
    "category": "advancedperipherals:items",
    "pages": [
        {
            "type": "text",
            "text": "电脑工具是打开我们的方块GUI的工具。目前，电脑工具没有用处，只是一个美妙的物品。$(p)有关完整文档，请查看$(9)$(l:https://docs.intelligence-modding.de/items/computer_tool/)官方维基页面$(/l)$()！"
        },
        {
            "type": "crafting",
            "recipe": "advancedperipherals:computer_tool"
        }
    ]
}