{
    "name": "永恒仪式",
    "icon": "betterend:eternal_pedestal",
    "read_by_default": true,
    "category": "betterend:rituals",
    "pages": [
        {
            "type": "text",
            "text": "“一种不那么简单的方法返回至主世界。“$(br2)在环游终末世界时，你可以遇到古老的遗迹。"
        },
        {
            "type": "image",
            "text": "这里有一个被摧毁（或未被摧毁）的$(bold)符文火山岩架$()和六个底座。",
            "border": false,
            "images": [
                "betterend:textures/images/eternal_ritual/portal_structure.png"
            ]
        },
        {
            "type": "text",
            "text": "这些是曾经连接终末世界和主世界的宏伟传送门的残骸。$(br2)要激活传送门，需要恢复火山架（如果损坏了）。"
        },
        {
            "type": "image",
            "text": "然后将6个$(bold)永恒水晶$()放到底座上。",
            "border": false,
            "images": [
                "betterend:textures/images/eternal_ritual/portal_frame_full.png"
            ]
        },
        {
            "type": "image",
            "text": "在你放置最后一个水晶后，传送门就会被激活。",
            "border": false,
            "images": [
                "betterend:textures/images/eternal_ritual/ritual_finished.png"
            ]
        },
        {
            "type": "text",
            "text": "$(bold)符文火山岩架$()（用于恢复火山架）和$(bold)永恒水晶$()（用于激活传送门）可以通过$(l:rituals/infusion_ritual)合成$(/l)获得。"
        }
    ]
}