{
    "name": "熔炼仪式",
    "icon": "betterend:infusion_pedestal",
    "read_by_default": true,
    "category": "betterend:rituals",
    "pages": [
        {
            "type": "text",
            "text": "用元素的力量灌注物品。"
        },
        {
            "type": "crafting",
            "title": "准备结构",
            "text": "首先，您需要制作$(bold)熔炼基座$()和8个$(bold)任何一种$()其他类型的底座。",
            "recipe": "betterend:infusion_pedestal"
        },
        {
            "type": "image",
            "text": "然后，您需要将熔炼基座放在中心位置，其他底座放在周围。",
            "border": true,
            "images": [
                "betterend:textures/images/infusion_ritual/infusion_ritual_start.png",
                "betterend:textures/images/infusion_ritual/infusion_ritual_full.png"
            ]
        },
        {
            "type": "image",
            "title": "灌注",
            "text": "当仪式结构准备就绪时，可以开始注入。",
            "border": false,
            "images": [
                "betterend:textures/images/infusion_ritual/ritual_structure.png"
            ]
        },
        {
            "type": "image",
            "text": "将主要成分放置到$(bold)注魔基座$()上，将催化剂放到其他基座上。",
            "border": false,
            "images": [
                "betterend:textures/images/infusion_ritual/ritual_ready.png"
            ]
        },
        {
            "type": "text",
            "text": "您可以在$(l:https://www.curseforge.com/minecraft/mc-mods/roughly-enough-items)REI$(/l)中查看配方。$(br2)要启动Infusion，只需将主要原料放在最后，或右键单击$(bold)Infusion Pedestal$()。"
        },
        {
            "type": "image",
            "text": "然后您需要等待仪式完成。",
            "border": false,
            "images": [
                "betterend:textures/images/infusion_ritual/ritual_started.png"
            ]
        },
        {
            "type": "image",
            "text": "并取出结果。",
            "border": false,
            "images": [
                "betterend:textures/images/infusion_ritual/ritual_finished.png"
            ]
        }
    ]
}