{
    "category": "ars_nouveau:machines",
    "icon": "ars_nouveau:scryers_crystal",
    "name": "block.ars_nouveau.scryers_crystal",
    "pages": [
        {
            "type": "patchouli:text",
            "text": "ars_nouveau.page.scryers_crystal"
        },
        {
            "type": "patchouli:crafting",
            "recipe": "ars_nouveau:scryers_crystal"
        },
        {
            "type": "patchouli:relations",
            "entries": [
                "ars_nouveau:equipment/enchanters_eye",
                "ars_nouveau:machines/scryer_scroll",
                "ars_nouveau:machines/scryers_oculus"
            ]
        }
    ]
}