{
    "name": "1) 充能器",
    "category": "ae2:getting_started",
    "icon": "ae2:charger",
    "sortnum": 10,
    "pages": [
        {
            "type": "patchouli:text",
            "text": "$(thing)充能器$()可用于充能$(l:ae2:catalog/chargeable)AE2物品$(/l)，也可用于某些制造过程。它特别用于制造$(l:ae2:getting_started/compass)陨石指南针$(/l)和$(thing)充能石英$()。$(br2)$(thing)充能器$()可以接受$(l:ae2:concepts/power)网络能源、大多数形式的外部能源$(/l)，或使用$(l:ae2:getting_started/crank)手摇曲柄$(/l)手动充能。"
        },
        {
            "type": "patchouli:crafting",
            "recipe": "ae2:network/blocks/crystal_processing_charger",
            "text": "它只能从“顶部“或“底部“接受$(thing)能量$()。请注意，它可以被$(l:ae2:equipment/wrench)旋转$(/l)。$(br2)您可以使用手持物品或使用自动化设备，如$(item)漏斗$()、$(item)管道$()、$(l:ae2:examples/subnets/pipe)子网络$()等。"
        }
    ]
}