{
    "name": "5) 荧光水晶",
    "category": "ae2:getting_started",
    "icon": "ae2:fluix_crystal",
    "sortnum": 50,
    "pages": [
        {
            "type": "patchouli:text",
            "text": "$(thing)Fluix Crystals$()被用于多种配方中。它们可以通过将$(l:ae2:getting_started/charger)Charged Fluix Crystals$(/l)、$(item)Redstone$()和$(item)Nether Quartz$()扔进水池中获得。$(br2)它们可以在$(l:ae2:getting_started/inscriber)Inscriber$(/l)中被压成$(thing)Fluix Dust$()。$(br2)它也有一个方块形式，可以用来升级$(l:ae2:equipment/quartz_tools#fluix)Quartz Tools$(/l)。"
        },
        {
            "type": "patchouli:spotlight",
            "item": "ae2:fluix_crystal",
            "link_recipe": true
        }
    ]
}