{
    "name": "您的第一个反应堆",
    "icon": "bigreactors:basic_reactorcasing",
    "category": "bigreactors:intro",
    "pages": [
        {
            "type": "patchouli:text",
            "text": "反应堆是一种多方块机器，其主要工作是生产能源，而且生产的能源量很大。$(br2)多方块机器由许多不同的方块组成，您需要将它们放置在世界中，使它们彼此相邻。$(br2)要制造和为反应堆供电，您需要夜晶锭，所以到矿山开采一些黄金矿石，立即烧炼它们！"
        },
        {
            "type": "bigreactors:zcmultiblock",
            "multiblock_id": "bigreactors:bookfirstbasicreactor"
        },
        {
            "type": "patchouli:text",
            "text": "要构建您的第一个反应堆，您需要制作以下基本反应堆方块:$(br2)$(li)22个外壳$(li)1个控制器$(li)1个控制棒$(li)1个燃料棒$(li)1个固体接入口$(li)1个活动 Forge 能量电源接口$(br2)玻璃块实际上是可选的，可以用另一个外壳块替换。"
        },
        {
            "type": "bigreactors:crafting1x",
            "title1": "Casing",
            "recipe1": "bigreactors:reactor/basic/casing",
            "title2": "Glass",
            "recipe2": "bigreactors:reactor/basic/glass"
        },
        {
            "type": "bigreactors:crafting1x",
            "title1": "Controller",
            "recipe1": "bigreactors:reactor/basic/controller_ingots_uranium",
            "title2": "Control Rod",
            "recipe2": "bigreactors:reactor/basic/controlrod"
        },
        {
            "type": "bigreactors:crafting1x",
            "title1": "Fuel Rod",
            "recipe1": "bigreactors:reactor/basic/fuelrod_ingots_uranium",
            "title2": "Access Port",
            "recipe2": "bigreactors:reactor/basic/solidaccessport"
        },
        {
            "type": "bigreactors:crafting-text",
            "title": "Forge 能量电源接口",
            "recipe": "bigreactors:reactor/basic/activetap_fe",
            "text": "当您制作好所有所需的方块后，您就可以开始构建您的第一个反应堆了。$(br2)使用以下图表在世界中放置方块，将燃料棒放在中心位置并放置一个外壳块在其下方。"
        },
        {
            "type": "bigreactors:zcmultiblock",
            "multiblock_id": "bigreactors:bookfirstbasicreactor"
        },
        {
            "type": "patchouli:text",
            "text": "如果一切顺利，在您放置最后一个方块时，反应堆将形成，您现在可以通过右键单击控制器块来打开控制器界面。$(br2)如果什么都没有发生，请右键单击您放置的任何方块:您将收到一个错误消息，应该解释问题所在。一旦修复了问题，您应该有一个已构建的反应堆或者另一个错误消息等待您。"
        },
        {
            "type": "patchouli:text",
            "text": "现在，您的反应堆已经准备好了，是时候放入一些燃料了。$(br2)拿起更多的夜晶锭，并右键单击固体接入口。将端口设置为入口模式，并将锭放入输入槽中。$(br2)锭将很快被反应堆消耗并转化为燃料。$(br2)打开控制器界面并启动您的反应堆！"
        },
        {
            "type": "patchouli:text",
            "text": "随着反应堆的加热，能量正在缓慢产生，内部能量缓冲区正在填充。$(br2)为了使用反应堆内部存储的能量，您需要连接一些能源管道或机器到活动的 Forge 能量电源接口。$(br)电源接口将向连接的方块发送能源（如果它能接受）"
        },
        {
            "type": "patchouli:text",
            "text": "恭喜您，您已经构建了您的第一个反应堆！$(br2)用它为您早期的游戏需要生成所有能量，然后在阅读本手册的其余部分后，继续构建其他反应堆和涡轮机。"
        }
    ]
}