{
    "name": "矿石",
    "icon": "bigreactors:yellorite_ore",
    "category": "bigreactors:intro",
    "read_by_default": true,
    "pages": [
        {
            "type": "bigreactors:spotlight-smelting",
            "spotlightItem": "bigreactors:yellorite_ore",
            "spotlightText": "The usual source of fuel that will power your Reactors.$(br2)Yellorite can be found in almost all biomes and can be smelted to produce Yellorium ingots.",
            "recipe": "bigreactors:smelting/yellorium_from_ore"
        },
        {
            "type": "bigreactors:spotlight-item",
            "spotlightItem": "bigreactors:benitoite_ore",
            "spotlightText": "Only found in the extreme recesses of hell, Benitoite crystals have some unusual properties that you still haven't found a use for.",
            "smallItem": "bigreactors:benitoite_crystal"
        },
        {
            "type": "bigreactors:spotlight-item",
            "spotlightItem": "bigreactors:anglesite_ore",
            "spotlightText": "You need to reach the end of your journey to find this elusive crystals, even if you still don't know how you could use them to your advantage.",
            "smallItem": "bigreactors:anglesite_crystal"
        }
    ]
}