{
    "category": "ars_nouveau:resources",
    "icon": "ars_nouveau:magelight_torch",
    "name": "block.ars_nouveau.magelight_torch",
    "pages": [
        {
            "type": "patchouli:text",
            "text": "ars_nouveau.page1.magelight_torch"
        },
        {
            "type": "patchouli:crafting",
            "recipe": "ars_nouveau:sconce",
            "recipe2": "ars_nouveau:sourcestone_sconce"
        },
        {
            "type": "patchouli:crafting",
            "recipe": "ars_nouveau:polished_sconce",
            "recipe2": "ars_nouveau:archwood_sconce"
        },
        {
            "type": "patchouli:crafting",
            "recipe": "ars_nouveau:magelight_torch"
        }
    ]
}