{
    "category": "ars_nouveau:resources",
    "icon": "ars_nouveau:wilden_spike",
    "name": "ars_nouveau.page.wilden",
    "pages": [
        {
            "type": "patchouli:text",
            "text": "ars_nouveau.page1.wilden"
        },
        {
            "type": "patchouli:entity",
            "entity": "ars_nouveau:wilden_hunter",
            "scale": 0.55,
            "text": "ars_nouveau.page3.wilden"
        },
        {
            "type": "patchouli:entity",
            "entity": "ars_nouveau:wilden_stalker",
            "scale": 0.55,
            "text": "ars_nouveau.page4.wilden"
        },
        {
            "type": "patchouli:entity",
            "entity": "ars_nouveau:wilden_guardian",
            "scale": 0.55,
            "text": "ars_nouveau.page5.wilden"
        },
        {
            "type": "patchouli:entity",
            "entity": "ars_nouveau:wilden_boss",
            "scale": 0.55,
            "text": "ars_nouveau.page6.wilden"
        },
        {
            "type": "patchouli:text",
            "text": "ars_nouveau.page7.wilden"
        }
    ]
}