{
    "name": "化学压缩机",
    "icon": "alchemistry:compactor",
    "category": "alchemistry:compactor_category",
    "pages": [
        {
            "type": "text",
            "text": "压缩机是一种动力机器，它将允许你通过压缩它们的组件来形成简单物品。$(br2)$(o)沃伦教授的笔记:最简单的原子操作是将一个元素或化合物装配成更方便的形式:粉末，等等。更多的活塞，一切都可以紧缩在一起。"
        },
        {
            "type": "crafting",
            "recipe": "alchemistry:compactor"
        }
    ]
}