{
    "category": "ars_nouveau:equipment",
    "icon": "ars_elemental:earth_focus",
    "name": "item.ars_elemental.earth_focus",
    "pages": [
        {
            "type": "patchouli:text",
            "text": "ars_elemental.page1.earth_focus"
        },
        {
            "type": "ars_nouveau:imbuement_recipe",
            "recipe": "ars_elemental:imbuement_lesser_earth_focus"
        },
        {
            "type": "ars_nouveau:apparatus_recipe",
            "recipe": "ars_elemental:earth_focus"
        },
        {
            "type": "patchouli:text",
            "text": "ars_elemental.page2.earth_focus"
        }
    ]
}