{
    "FLAT_BACKGROUND_COLOR": "868686FF",
    "TEXT_ENABLED_COLOR": "272727FF",
    "TEXT_DISABLED_COLOR": "A0A0A0FF",
    "DARK_OUTLINE_COLOR": "000000B2",
    "BUTTON_NORMAL_3D_GRADIENT_LIGHT": "909090FF",
    "BUTTON_NORMAL_3D_GRADIENT_DARK": "202020FF",
    "BUTTON_NORMAL_3D_BORDER_LIGHT": "DDDDDDFF",
    "BUTTON_NORMAL_3D_BORDER_DARK": "777777EE",
    "BUTTON_DISABLED_3D_GRADIENT_LIGHT": "909090FF",
    "BUTTON_DISABLED_3D_GRADIENT_DARK": "202020FF",
    "BUTTON_DISABLED_3D_BORDER_LIGHT": "DDDDDDFF",
    "BUTTON_DISABLED_3D_BORDER_DARK": "777777EE",
    "BUTTON_ACTIVE_3D_GRADIENT_LIGHT": "A799AEFF",
    "BUTTON_ACTIVE_3D_GRADIENT_DARK": "29242EFF",
    "BUTTON_ACTIVE_3D_BORDER_LIGHT": "777777EE",
    "BUTTON_ACTIVE_3D_BORDER_DARK": "DDDDDDFF",
    "BUTTON_HIGHLIGHTED_3D_GRADIENT_LIGHT": "A799AEFF",
    "BUTTON_HIGHLIGHTED_3D_GRADIENT_DARK": "29242EFF",
    "BUTTON_HIGHLIGHTED_3D_BORDER_LIGHT": "777777EE",
    "BUTTON_HIGHLIGHTED_3D_BORDER_DARK": "DDDDDDFF",
    "TEXTFIELD_NORMAL_3D_GRADIENT_LIGHT": "909090FF",
    "TEXTFIELD_NORMAL_3D_GRADIENT_DARK": "202020FF",
    "TEXTFIELD_NORMAL_3D_BORDER_LIGHT": "FFFFFFFF",
    "TEXTFIELD_NORMAL_3D_BORDER_DARK": "2B2B2BFF",
    "TEXTFIELD_CARET": "0000006F",
    "GUI_TITLE": "000000FF"
}