{
    "name": "紫水晶傀儡",
    "icon": "adventurez:stone_golem_heart",
    "category": "adventurez:mob_category",
    "pages": [
        {
            "type": "text",
            "text": "紫水晶傀儡可以在宝石洞穴中找到，它们不喜欢人类因为大多数人只想赚钱，挖出紫水晶之后留下一个空荡荡的洞穴。当你破坏紫水晶时会激怒它！"
        },
        {
            "type": "entity",
            "name": "展示",
            "entity": "adventurez:amethyst_golem",
            "offset": 0.2
        }
    ]
}