{
    "name": "龙",
    "icon": "adventurez:stone_golem_heart",
    "category": "adventurez:mob_category",
    "pages": [
        {
            "type": "text",
            "text": "龙是众所周知的末影龙的孩子。你必须孵化龙蛋，它会随着时间的推移而成长。随后便可以骑乘它，如果它足够大，甚至可以携带一个箱子。它喜欢吃兽人皮，但也不反对生肉，所以如果它生病了，喂它一些食物吧"
        },
        {
            "type": "entity",
            "name": "展示",
            "entity": "adventurez:dragon",
            "scale": 1.1,
            "offset": -1.2
        },
        {
            "type": "text",
            "title": "孵化龙蛋",
            "text": "在获得龙蛋后，你需要召唤并杀死眼球以获得名誉效果。如果安装了VoidZ，你需要杀死虚空之影。在你的基地建立一个巢穴来安全孵化龙蛋。如果它感受到你的名声，它会开始孵化并释放粒子"
        },
        {
            "type": "text",
            "title": "成长",
            "text": "龙孵化后，你可以用兽人皮喂它，让它更快成长，如果它饥饿的话。它会变成两倍大小，成为一条大龙。在第一阶段后，你可以给它戴上龙鞍去骑它，在第二阶段，你可以给它戴上箱子，并且它也够老了可以喷火了"
        }
    ]
}