{
    "name": "死灵法师",
    "icon": "adventurez:stone_golem_heart",
    "category": "adventurez:mob_category",
    "pages": [
        {
            "type": "text",
            "text": "黑暗的死灵法师在地狱堡垒中设立了家园。它学会了如何使用黑暗魔法，并会召唤凋零傀儡来保护自己免于受到敌人的攻击。"
        },
        {
            "type": "entity",
            "name": "展示",
            "entity": "adventurez:necromancer",
            "offset": 0.2
        },
        {
            "type": "text",
            "title": "凋零傀儡",
            "text": "凋零傀儡由它的领导者控制，可以用凋零效果感染它的敌人。杀死它的领袖即可破坏它的意志"
        },
        {
            "type": "entity",
            "name": "展示",
            "entity": "adventurez:wither_puppet",
            "scale": 1.1
        }
    ]
}