{
    "name": "噩梦",
    "icon": "adventurez:stone_golem_heart",
    "category": "adventurez:mob_category",
    "pages": [
        {
            "type": "text",
            "text": "噩梦是灵魂收割者的坐骑，可以在灵魂沙谷中找到。它的灵魂被其骑手影响而变得黑暗。它可以被驯服。"
        },
        {
            "type": "entity",
            "name": "展示",
            "entity": "adventurez:nightmare",
            "scale": 0.6,
            "offset": 0.5
        }
    ]
}