{
    "name": "兽人",
    "icon": "adventurez:stone_golem_heart",
    "category": "adventurez:mob_category",
    "pages": [
        {
            "type": "text",
            "text": "兽人会在你的世界漫游。如果周围有更大的兽人，其他兽人会试图聚集在一起。小一点的兽人会试图偷你的工具并逃走，所以要小心这些讨厌的生物。你会在平原上找到它们"
        },
        {
            "type": "entity",
            "name": "展示",
            "entity": "adventurez:orc",
            "scale": 1.3,
            "offset": -0.5
        }
    ]
}