{
    "name": "猪灵兽",
    "icon": "adventurez:stone_golem_heart",
    "category": "adventurez:mob_category",
    "pages": [
        {
            "type": "text",
            "text": "猪灵的野兽！如果你杀死了太多的猪灵朋友，有时他们会召唤它，当你挖掘金矿时也可能会被召唤。它可能会掉落猪灵旗帜。"
        },
        {
            "type": "entity",
            "name": "展示",
            "entity": "adventurez:piglin_beast",
            "scale": 0.9,
            "offset": 0.3
        }
    ]
}