{
    "name": "黑石魔像",
    "icon": "adventurez:stone_golem_heart",
    "category": "adventurez:mob_category",
    "pages": [
        {
            "type": "text",
            "text": "黑石魔像是 Minecraft 中最致命的生物。在魔像祭坛上召唤它，它会摧毁你的世界，直到杀死你。然而，如果你成功击败了它，无论你是怎么做的，它都会裂成两半。"
        },
        {
            "type": "entity",
            "name": "展示",
            "entity": "adventurez:stone_golem",
            "scale": 0.8
        },
        {
            "type": "text",
            "title": "迷你石像魔",
            "text": "迷你黑石魔像是黑石魔像的残骸，可以在玄武岩三角洲中找到。"
        },
        {
            "type": "entity",
            "name": "展示",
            "entity": "adventurez:small_stone_golem",
            "scale": 0.5
        }
    ]
}