{
    "name": "召唤者",
    "icon": "adventurez:stone_golem_heart",
    "category": "adventurez:mob_category",
    "pages": [
        {
            "type": "text",
            "text": "当你意想不到地遇到召唤者时，它会突然出现。但只有在风暴期间，才有可能看到它。它还学会了处理不同的咒语，可能会让你感到惊讶，卫兵也会在战斗中被召唤。"
        },
        {
            "type": "entity",
            "name": "展示",
            "entity": "adventurez:summoner"
        },
        {
            "type": "text",
            "title": "骨架先锋",
            "text": "先锋将保护它的召唤者并攻击敌人。它可以用盾牌格挡来袭的攻击。"
        },
        {
            "type": "entity",
            "name": "展示",
            "entity": "adventurez:skeleton_vanguard"
        }
    ]
}