{
    "name": "虚空阴影",
    "icon": "adventurez:stone_golem_heart",
    "category": "adventurez:mob_category",
    "pages": [
        {
            "type": "text",
            "text": "虚空阴影是 Minecraft 中的最终 BOSS，在你可能不知道的另一个虚空中看到。如果你成功击败它，你会得到众人的认可，甚至村民也会认出你的名望。当眼消失时，将生成一扇通往这个维度的传送门。"
        },
        {
            "type": "entity",
            "name": "展示",
            "entity": "adventurez:void_shadow",
            "scale": 0.8,
            "offset": 0.8
        },
        {
            "type": "text",
            "title": "虚空阴影衍生体",
            "text": "虚空阴影衍生体会追逐你的生命。它会射出虚空子弹，但可以通过拳打它们来阻挡。"
        },
        {
            "type": "entity",
            "name": "展示",
            "entity": "adventurez:void_shade"
        },
        {
            "type": "text",
            "title": "虚空碎片",
            "text": "在与虚空阴影的战斗中会生成虚空碎片。不要靠得太近，这本书警告了你！更大的碎片称为虚空球，只能用虚空子弹杀死，但会损坏阴影。"
        },
        {
            "type": "entity",
            "name": "展示",
            "entity": "adventurez:void_fragment",
            "scale": 0.6
        },
        {
            "type": "link",
            "title": "VoidZ 扩展模组",
            "text": "你需要下载并安装VoidZ模组，因为虚空影将会在一个专门用于战斗的新维度中生成。之所以使用附加文件是因为，Fabric具有其自己的维度API，当进行较大的更新时，它可能无法快速更新",
            "url": "https://www.curseforge.com/minecraft/mc-mods/voidz",
            "link_text": "VoidZ Mod Page"
        },
        {
            "type": "empty",
            "draw_filler": false
        }
    ]
}