{
    "name": "化学分解机",
    "icon": "alchemistry:dissolver",
    "category": "alchemistry:dissolver_category",
    "pages": [
        {
            "type": "text",
            "text": "化学分解机是一种动力机器，它和化学合成机一样是炼金术中最基本的机器。化学分解机能将输入物质分解成不同的化学元素和化合物。$(br2)$(o)从沃伦教授的笔记中得知:我一直在研究岩浆的特性，作为比熔岩更稳定的形式。虽然熔岩会破坏大部分物体，但我发现可以使用岩浆更精确地将材料分解成它们的组成部分。有些组分相互粘连，需要再经过一两次处理才能完全分解。"
        },
        {
            "type": "text",
            "text": "化学分解机配方分为两种，每个JEI配方中都有注释。第一种是$(thing)相对概率$()的配方，其中所有可能的输出组合加起来为100％，每个$(thing)投掷$()都会选择一个输出组合。有些配方可能会有空组合，导致没有输出的机会。第二种是$(thing)绝对概率$()的配方。对于每个组合，都会独立投掷并具有自己的输出机会，不考虑其他投掷结果。"
        },
        {
            "type": "text",
            "text": "元素液化机是一种动力机器，可将元素和化合物转换为其液态等效物。$(br2)$(o)从沃伦教授的笔记中得知:当然，每个过程都必须是可逆的。可以使用适量的压力通过压缩铁来将原子药瓶重新变成液体形式。"
        },
        {
            "type": "crafting",
            "recipe": "alchemistry:dissolver"
        }
    ]
}