{
    "name": "主动冷却",
    "icon": "minecraft:water_bucket",
    "category": "bigreactors:reactor-operational_mode",
    "read_by_default": true,
    "sortnum": 2,
    "pages": [
        {
            "type": "patchouli:text",
            "text": "主动冷却反应堆是一种使用外部冷却剂散热的反应堆。$(br2)在这个过程中，冷却剂会被蒸发，产生的蒸汽可以从反应堆中提取出来，驱动一个或多个涡轮的转子。"
        },
        {
            "type": "patchouli:text",
            "text": "要建造一个主动冷却反应堆，您需要在多方块中包括至少两个流体端口，一个被配置为向反应堆中插入冷却剂，另一个用于从反应堆中提取产生的蒸汽。$(br2)提取的蒸汽随后可以输送到您的涡轮中以生成能量。"
        }
    ]
}