{
    "name": "Allthemodium装甲",
    "icon": "allthemodium:allthemodium_chestplate",
    "category": "allthemodium:armour",
    "sortnum": 1,
    "pages": [
        {
            "type": "text",
            "text": "Allthemodium装甲除了提供装甲、韧性和击退抵抗外，还具有以下好处:$(li)水下呼吸$(li)使用鞘翅飞行时不受撞击伤害$(li)免疫火焰伤害$(li)不会受到摔落伤害$(li)当您将其从下界合成时，会保留附魔"
        },
        {
            "type": "smithing",
            "recipe": "allthemodium:smithing/allthemodium_helmet_smithing"
        },
        {
            "type": "smithing",
            "recipe": "allthemodium:smithing/allthemodium_chestplate_smithing"
        },
        {
            "type": "smithing",
            "recipe": "allthemodium:smithing/allthemodium_leggings_smithing"
        },
        {
            "type": "smithing",
            "recipe": "allthemodium:smithing/allthemodium_boots_smithing"
        }
    ]
}