{
    "name": "AR控制器",
    "icon": "advancedperipherals:ar_controller",
    "category": "advancedperipherals:peripherals",
    "pages": [
        {
            "type": "text",
            "text": "AR控制器用于无线控制您的AR眼镜。您可以将任何想画的东西绘制到叠加图层中，只要您戴着眼镜就可以看到。$(p)有关完整的文档，请参阅$(9)$(l:https://docs.intelligence-modding.de/peripherals/ar_controller/)官方维基页面$(/l)$()！"
        },
        {
            "type": "crafting",
            "recipe": "advancedperipherals:ar_controller"
        },
        {
            "type": "multiblock",
            "multiblock": {
                "mapping": {
                    "0": "computercraft:computer_advanced",
                    "P": "advancedperipherals:ar_controller"
                },
                "pattern": [
                    [
                        "0P"
                    ]
                ]
            },
            "text": "将AR控制器连接到计算机以使用它！"
        }
    ]
}