{
    "name": "环境检测器",
    "icon": "advancedperipherals:environment_detector",
    "category": "advancedperipherals:peripherals",
    "pages": [
        {
            "type": "text",
            "text": "环境检测器能够从环境中接收信息，例如当前时间、当前月相、块的光照级别等。$(p)有关完整的文档，请参阅$(9)$(l:https://docs.intelligence-modding.de/peripherals/environment_detector/)官方维基页面$(/l)$()！"
        },
        {
            "type": "crafting",
            "recipe": "advancedperipherals:environment_detector"
        },
        {
            "type": "multiblock",
            "multiblock": {
                "mapping": {
                    "0": "computercraft:computer_advanced",
                    "P": "advancedperipherals:environment_detector"
                },
                "pattern": [
                    [
                        "0P"
                    ]
                ]
            },
            "text": "将环境检测器连接到计算机以使用它！"
        }
    ]
}