{
    "name": "ME桥梁",
    "icon": "advancedperipherals:me_bridge",
    "category": "advancedperipherals:peripherals",
    "pages": [
        {
            "type": "text",
            "text": "ME桥梁能够与应用能源2进行交互。您可以检索物品，制作物品，获取所有物品列表等等。ME桥梁使用一个信道。$(p)有关完整文档，请参见$(9)$(l:https://docs.intelligence-modding.de/peripherals/me_bridge/)官方维基页面$(/l)$()！"
        },
        {
            "type": "crafting",
            "recipe": "advancedperipherals:me_bridge"
        },
        {
            "type": "multiblock",
            "multiblock": {
                "mapping": {
                    "0": "computercraft:computer_advanced",
                    "P": "advancedperipherals:me_bridge"
                },
                "pattern": [
                    [
                        "0P"
                    ]
                ]
            },
            "text": "连接您的ME桥梁到电脑上以使用它！"
        }
    ]
}