{
    "name": "红石集成器",
    "icon": "advancedperipherals:redstone_integrator",
    "category": "advancedperipherals:peripherals",
    "pages": [
        {
            "type": "text",
            "text": "红石集成器能够与红石进行交互。您可以在红石集成器上使用与计算机相同的代码。$(p)您可能需要此外围设备以处理需要在多个面输出红石信号的情况。$(p)有关完整文档，请参见$(9)$(l:https://docs.intelligence-modding.de/peripherals/redstone_integrator/)官方维基页面$(/l)$()！"
        },
        {
            "type": "crafting",
            "recipe": "advancedperipherals:redstone_integrator"
        },
        {
            "type": "multiblock",
            "multiblock": {
                "mapping": {
                    "0": "computercraft:computer_advanced",
                    "P": "advancedperipherals:redstone_integrator"
                },
                "pattern": [
                    [
                        "0P"
                    ]
                ]
            },
            "text": "连接您的红石集成器到电脑上以使用它！"
        }
    ]
}