{
    "name": "Allthemodium苹果",
    "icon": "allthemodium:allthemodium_apple",
    "category": "allthemodium:food",
    "pages": [
        {
            "type": "crafting",
            "recipe": "allthemodium:allthemodium_apple",
            "title": "Allthemodium苹果"
        },
        {
            "type": "text",
            "text": "Allthemodium苹果提供20饱食度和80饱和度。苹果具有以下效果:$(li)吃得快$(li)随时可以吃$(li)30秒内吸收X级伤害$(li)30秒内回复X级生命值"
        }
    ]
}